Price,Close
Ticker,MXN=X
Date,
2020-01-01,18.917400360107422
2020-01-02,18.898799896240234
2020-01-03,18.830299377441406
2020-01-06,18.944759368896484
2020-01-07,18.841449737548828
2020-01-08,18.96419906616211
2020-01-09,18.81399917602539
2020-01-10,18.834800720214844
2020-01-13,18.79762077331543
2020-01-14,18.79010009765625
2020-01-15,18.793800354003906
2020-01-16,18.782699584960938
2020-01-17,18.76300048828125
2020-01-20,18.656299591064453
2020-01-21,18.65369987487793
2020-01-22,18.7593994140625
2020-01-23,18.700410842895508
2020-01-24,18.74920082092285
2020-01-27,18.862499237060547
2020-01-28,18.892000198364258
2020-01-29,18.724050521850586
2020-01-30,18.681900024414062
2020-01-31,18.780799865722656
2020-02-03,18.866409301757812
2020-02-04,18.81439971923828
2020-02-05,18.671289443969727
2020-02-06,18.587600708007812
2020-02-07,18.639699935913086
2020-02-10,18.800249099731445
2020-02-11,18.702699661254883
2020-02-12,18.642000198364258
2020-02-13,18.640399932861328
2020-02-14,18.59510040283203
2020-02-17,18.542999267578125
2020-02-18,18.549999237060547
2020-02-19,18.58894920349121
2020-02-20,18.550100326538086
2020-02-21,18.847400665283203
2020-02-24,19.007709503173828
2020-02-25,19.03660011291504
2020-02-26,19.059999465942383
2020-02-27,19.286619186401367
2020-02-28,19.458969116210938
2020-03-02,19.82309913635254
2020-03-03,19.405000686645508
2020-03-04,19.43160057067871
2020-03-05,19.517200469970703
2020-03-06,19.81450080871582
2020-03-09,21.0575008392334
2020-03-10,20.81222915649414
2020-03-11,20.789400100708008
2020-03-12,21.41659927368164
2020-03-13,21.967199325561523
2020-03-16,21.808610916137695
2020-03-17,22.600990295410156
2020-03-18,22.960599899291992
2020-03-19,23.64971923828125
2020-03-20,24.0457706451416
2020-03-23,24.7462100982666
2020-03-24,25.336200714111328
2020-03-25,24.768699645996094
2020-03-26,24.008100509643555
2020-03-27,23.23710060119629
2020-03-30,23.594600677490234
2020-03-31,23.83300018310547
2020-04-01,23.750999450683594
2020-04-02,24.215530395507812
2020-04-03,24.235300064086914
2020-04-06,25.261999130249023
2020-04-07,24.542400360107422
2020-04-08,24.31159019470215
2020-04-09,23.984500885009766
2020-04-10,23.67639923095703
2020-04-13,23.446800231933594
2020-04-14,23.5851993560791
2020-04-15,23.36199951171875
2020-04-16,24.239200592041016
2020-04-17,23.76020050048828
2020-04-20,24.026649475097656
2020-04-21,24.010719299316406
2020-04-22,24.368600845336914
2020-04-23,24.479299545288086
2020-04-24,24.766550064086914
2020-04-27,24.98579978942871
2020-04-28,24.74970054626465
2020-04-29,24.283599853515625
2020-04-30,23.742000579833984
2020-05-01,24.21430015563965
2020-05-04,24.834489822387695
2020-05-05,24.090200424194336
2020-05-06,23.973499298095703
2020-05-07,24.427499771118164
2020-05-08,24.02206039428711
2020-05-11,23.625099182128906
2020-05-12,23.920089721679688
2020-05-13,24.363279342651367
2020-05-14,24.185699462890625
2020-05-15,23.851299285888672
2020-05-18,23.934009552001953
2020-05-19,23.731300354003906
2020-05-20,23.665359497070312
2020-05-21,23.195499420166016
2020-05-22,22.870180130004883
2020-05-25,22.663789749145508
2020-05-26,22.545499801635742
2020-05-27,22.211999893188477
2020-05-28,22.31138038635254
2020-05-29,22.19890022277832
2020-06-01,22.182300567626953
2020-06-02,22.042400360107422
2020-06-03,21.723800659179688
2020-06-04,21.720800399780273
2020-06-05,21.90247917175293
2020-06-08,21.474899291992188
2020-06-09,21.472999572753906
2020-06-10,21.88743019104004
2020-06-11,21.976980209350586
2020-06-12,22.854660034179688
2020-06-15,22.488540649414062
2020-06-16,22.155460357666016
2020-06-17,22.26922035217285
2020-06-18,22.341400146484375
2020-06-19,22.67639923095703
2020-06-22,22.64150047302246
2020-06-23,22.399099349975586
2020-06-24,22.389150619506836
2020-06-25,22.790279388427734
2020-06-26,22.679399490356445
2020-06-29,23.05470085144043
2020-06-30,23.056570053100586
2020-07-01,23.004499435424805
2020-07-02,22.711599349975586
2020-07-03,22.477819442749023
2020-07-06,22.38545036315918
2020-07-07,22.31100082397461
2020-07-08,22.792699813842773
2020-07-09,22.67180061340332
2020-07-10,22.60260009765625
2020-07-13,22.488399505615234
2020-07-14,22.709800720214844
2020-07-15,22.395999908447266
2020-07-16,22.318199157714844
2020-07-17,22.411680221557617
2020-07-20,22.492469787597656
2020-07-21,22.488540649414062
2020-07-22,22.29680061340332
2020-07-23,22.37017059326172
2020-07-24,22.478200912475586
2020-07-27,22.287200927734375
2020-07-28,21.936100006103516
2020-07-29,21.933399200439453
2020-07-30,21.97249984741211
2020-07-31,21.995399475097656
2020-08-03,22.26059913635254
2020-08-04,22.625699996948242
2020-08-05,22.628400802612305
2020-08-06,22.371639251708984
2020-08-07,22.402849197387695
2020-08-10,22.404619216918945
2020-08-11,22.45709991455078
2020-08-12,22.411399841308594
2020-08-13,22.340900421142578
2020-08-14,22.153900146484375
2020-08-17,21.933500289916992
2020-08-18,22.142200469970703
2020-08-19,22.13129997253418
2020-08-20,22.174789428710938
2020-08-21,22.088300704956055
2020-08-24,21.95966911315918
2020-08-25,21.972999572753906
2020-08-26,21.894699096679688
2020-08-27,21.930870056152344
2020-08-28,22.13290023803711
2020-08-31,21.749900817871094
2020-09-01,21.91254997253418
2020-09-02,21.74530029296875
2020-09-03,21.726900100708008
2020-09-04,21.698699951171875
2020-09-07,21.552949905395508
2020-09-08,21.594200134277344
2020-09-09,21.872419357299805
2020-09-10,21.386999130249023
2020-09-11,21.436649322509766
2020-09-14,21.267499923706055
2020-09-15,21.064800262451172
2020-09-16,21.142000198364258
2020-09-17,20.97916030883789
2020-09-18,20.8927001953125
2020-09-21,21.111759185791016
2020-09-22,21.344839096069336
2020-09-23,21.67449951171875
2020-09-24,22.390399932861328
2020-09-25,22.138439178466797
2020-09-28,22.309370040893555
2020-09-29,22.34910011291504
2020-09-30,22.37350082397461
2020-10-01,22.081600189208984
2020-10-02,21.844730377197266
2020-10-05,21.594999313354492
2020-10-06,21.363250732421875
2020-10-07,21.688230514526367
2020-10-08,21.449800491333008
2020-10-09,21.35586929321289
2020-10-12,21.148590087890625
2020-10-13,21.19890022277832
2020-10-14,21.333480834960938
2020-10-15,21.326169967651367
2020-10-16,21.284099578857422
2020-10-19,21.08880043029785
2020-10-20,21.207250595092773
2020-10-21,21.092599868774414
2020-10-22,21.149269104003906
2020-10-23,20.954200744628906
2020-10-26,20.90243911743164
2020-10-27,20.963790893554688
2020-10-28,21.01930046081543
2020-10-29,21.235599517822266
2020-10-30,21.345600128173828
2020-11-02,21.274450302124023
2020-11-03,21.371950149536133
2020-11-04,21.035709381103516
2020-11-05,20.93440055847168
2020-11-06,20.75550079345703
2020-11-09,20.520360946655273
2020-11-10,20.33530044555664
2020-11-11,20.322099685668945
2020-11-12,20.46430015563965
2020-11-13,20.60325050354004
2020-11-16,20.34473991394043
2020-11-17,20.259950637817383
2020-11-18,20.279489517211914
2020-11-19,20.312679290771484
2020-11-20,20.233400344848633
2020-11-23,20.086719512939453
2020-11-24,20.10154914855957
2020-11-25,20.02511978149414
2020-11-26,19.957599639892578
2020-11-27,20.02910041809082
2020-11-30,20.038070678710938
2020-12-01,20.16160011291504
2020-12-02,20.028749465942383
2020-12-03,19.992399215698242
2020-12-04,19.899200439453125
2020-12-07,19.7810001373291
2020-12-08,19.891019821166992
2020-12-09,19.775999069213867
2020-12-10,19.87611961364746
2020-12-11,19.990699768066406
2020-12-14,20.077800750732422
2020-12-15,20.228239059448242
2020-12-16,19.928279876708984
2020-12-17,19.871240615844727
2020-12-18,19.821500778198242
2020-12-21,20.09394073486328
2020-12-22,19.98240089416504
2020-12-23,20.10379981994629
2020-12-24,20.048900604248047
2020-12-25,19.868000030517578
2020-12-28,19.869680404663086
2020-12-29,20.006250381469727
2020-12-30,19.934999465942383
2020-12-31,19.890899658203125
2021-01-01,19.874500274658203
2021-01-04,19.84749984741211
2021-01-05,19.94244956970215
2021-01-06,19.90220069885254
2021-01-07,19.65576934814453
2021-01-08,20.000099182128906
2021-01-11,20.05048942565918
2021-01-12,20.062400817871094
2021-01-13,19.794429779052734
2021-01-14,19.836349487304688
2021-01-15,19.723350524902344
2021-01-18,19.84351921081543
2021-01-19,19.695650100708008
2021-01-20,19.63599967956543
2021-01-21,19.585010528564453
2021-01-22,19.737060546875
2021-01-25,19.942880630493164
2021-01-26,20.10516929626465
2021-01-27,19.988300323486328
2021-01-28,20.33152961730957
2021-01-29,20.25225067138672
2021-02-01,20.50528907775879
2021-02-02,20.368160247802734
2021-02-03,20.137680053710938
2021-02-04,20.197080612182617
2021-02-05,20.387189865112305
2021-02-08,20.11138916015625
2021-02-09,20.103069305419922
2021-02-10,20.083850860595703
2021-02-11,20.02928924560547
2021-02-12,19.966279983520508
2021-02-15,19.936769485473633
2021-02-16,19.94930076599121
2021-02-17,20.225540161132812
2021-02-18,20.212539672851562
2021-02-19,20.308229446411133
2021-02-22,20.487449645996094
2021-02-23,20.742029190063477
2021-02-24,20.513269424438477
2021-02-25,20.377559661865234
2021-02-26,20.910900115966797
2021-03-01,20.789569854736328
2021-03-02,20.654029846191406
2021-03-03,20.603410720825195
2021-03-04,20.956090927124023
2021-03-05,21.13340950012207
2021-03-08,21.255300521850586
2021-03-09,21.492490768432617
2021-03-10,21.188819885253906
2021-03-11,20.90212059020996
2021-03-12,20.614999771118164
2021-03-15,20.711580276489258
2021-03-16,20.666690826416016
2021-03-17,20.599300384521484
2021-03-18,20.362770080566406
2021-03-19,20.48390007019043
2021-03-22,20.66080093383789
2021-03-23,20.575389862060547
2021-03-24,20.807910919189453
2021-03-25,20.882999420166016
2021-03-26,20.683029174804688
2021-03-29,20.632530212402344
2021-03-30,20.607379913330078
2021-03-31,20.576000213623047
2021-04-01,20.429100036621094
2021-04-02,20.29138946533203
2021-04-05,20.305219650268555
2021-04-06,20.30573081970215
2021-04-07,20.17445945739746
2021-04-08,20.211299896240234
2021-04-09,20.098939895629883
2021-04-12,20.160409927368164
2021-04-13,20.14443016052246
2021-04-14,20.0674991607666
2021-04-15,20.0860595703125
2021-04-16,19.93589973449707
2021-04-19,19.91830062866211
2021-04-20,19.81344985961914
2021-04-21,19.94700050354004
2021-04-22,19.886600494384766
2021-04-23,19.933000564575195
2021-04-26,19.8525390625
2021-04-27,19.858600616455078
2021-04-28,20.03260040283203
2021-04-29,19.89167022705078
2021-04-30,20.02429962158203
2021-05-03,20.19580078125
2021-05-04,20.18779945373535
2021-05-05,20.193899154663086
2021-05-06,20.251169204711914
2021-05-07,20.085100173950195
2021-05-10,19.89240074157715
2021-05-11,19.91295051574707
2021-05-12,19.96368980407715
2021-05-13,20.142000198364258
2021-05-14,19.95039939880371
2021-05-17,19.870399475097656
2021-05-18,19.76129913330078
2021-05-19,19.84787940979004
2021-05-20,19.933000564575195
2021-05-21,19.8887996673584
2021-05-24,19.937349319458008
2021-05-25,19.874000549316406
2021-05-26,19.905799865722656
2021-05-27,19.870800018310547
2021-05-28,19.95185089111328
2021-05-31,19.92609977722168
2021-06-01,19.917499542236328
2021-06-02,19.961200714111328
2021-06-03,19.894800186157227
2021-06-04,20.140399932861328
2021-06-07,19.943899154663086
2021-06-08,19.822399139404297
2021-06-09,19.70207977294922
2021-06-10,19.73027992248535
2021-06-11,19.70319938659668
2021-06-14,19.870899200439453
2021-06-15,19.943099975585938
2021-06-16,20.021299362182617
2021-06-17,20.39788055419922
2021-06-18,20.41069984436035
2021-06-21,20.621999740600586
2021-06-22,20.505849838256836
2021-06-23,20.33930015563965
2021-06-24,20.19586944580078
2021-06-25,19.846900939941406
2021-06-28,19.80820083618164
2021-06-29,19.817169189453125
2021-06-30,19.8031005859375
2021-07-01,19.934429168701172
2021-07-02,20.010099411010742
2021-07-05,19.79810905456543
2021-07-06,19.824899673461914
2021-07-07,20.011659622192383
2021-07-08,19.95039939880371
2021-07-09,19.98110008239746
2021-07-12,19.860700607299805
2021-07-13,19.82740020751953
2021-07-14,20.042200088500977
2021-07-15,19.900949478149414
2021-07-16,19.92938995361328
2021-07-19,19.904199600219727
2021-07-20,20.03809928894043
2021-07-21,20.136049270629883
2021-07-22,20.147140502929688
2021-07-23,20.102750778198242
2021-07-26,20.058300018310547
2021-07-27,20.02429962158203
2021-07-28,19.954099655151367
2021-07-29,19.913799285888672
2021-07-30,19.85140037536621
2021-08-02,19.865699768066406
2021-08-03,19.90169906616211
2021-08-04,19.862600326538086
2021-08-05,19.960399627685547
2021-08-06,19.928260803222656
2021-08-09,20.069799423217773
2021-08-10,20.069869995117188
2021-08-11,20.070499420166016
2021-08-12,19.929500579833984
2021-08-13,19.951379776000977
2021-08-16,19.85770034790039
2021-08-17,19.88010025024414
2021-08-18,19.997549057006836
2021-08-19,20.039039611816406
2021-08-20,20.167200088500977
2021-08-23,20.381500244140625
2021-08-24,20.317949295043945
2021-08-25,20.206100463867188
2021-08-26,20.216100692749023
2021-08-27,20.366500854492188
2021-08-30,20.1643009185791
2021-08-31,20.139249801635742
2021-09-01,20.059600830078125
2021-09-02,19.99774932861328
2021-09-03,19.962350845336914
2021-09-06,19.909000396728516
2021-09-07,19.888099670410156
2021-09-08,19.927799224853516
2021-09-09,19.927499771118164
2021-09-10,19.921600341796875
2021-09-13,19.86549949645996
2021-09-14,19.86199951171875
2021-09-15,19.897300720214844
2021-09-16,19.844499588012695
2021-09-17,19.940549850463867
2021-09-20,20.01849937438965
2021-09-21,20.118940353393555
2021-09-22,20.128700256347656
2021-09-23,20.086759567260742
2021-09-24,20.052900314331055
2021-09-27,20.053499221801758
2021-09-28,20.089500427246094
2021-09-29,20.329769134521484
2021-09-30,20.501100540161133
2021-10-01,20.615400314331055
2021-10-04,20.41819953918457
2021-10-05,20.50160026550293
2021-10-06,20.570199966430664
2021-10-07,20.5575008392334
2021-10-08,20.654130935668945
2021-10-11,20.7231502532959
2021-10-12,20.847000122070312
2021-10-13,20.780000686645508
2021-10-14,20.553699493408203
2021-10-15,20.541799545288086
2021-10-18,20.347000122070312
2021-10-19,20.397499084472656
2021-10-20,20.22209930419922
2021-10-21,20.221500396728516
2021-10-22,20.29319953918457
2021-10-25,20.188899993896484
2021-10-26,20.170499801635742
2021-10-27,20.196910858154297
2021-10-28,20.304800033569336
2021-10-29,20.378400802612305
2021-11-01,20.55270004272461
2021-11-02,20.839599609375
2021-11-03,20.78030014038086
2021-11-04,20.531700134277344
2021-11-05,20.545900344848633
2021-11-08,20.372800827026367
2021-11-09,20.332950592041016
2021-11-10,20.319150924682617
2021-11-11,20.606399536132812
2021-11-12,20.636430740356445
2021-11-15,20.52419090270996
2021-11-16,20.59480094909668
2021-11-17,20.753799438476562
2021-11-18,20.64539909362793
2021-11-19,20.75950050354004
2021-11-22,20.86083984375
2021-11-23,20.99370002746582
2021-11-24,21.265499114990234
2021-11-25,21.40089988708496
2021-11-26,21.624500274658203
2021-11-29,21.72960090637207
2021-11-30,21.68079948425293
2021-12-01,21.411800384521484
2021-12-02,21.471569061279297
2021-12-03,21.30854034423828
2021-12-06,21.22100067138672
2021-12-07,21.22369956970215
2021-12-08,21.028200149536133
2021-12-09,20.925800323486328
2021-12-10,20.950700759887695
2021-12-13,20.876300811767578
2021-12-14,20.993600845336914
2021-12-15,21.218900680541992
2021-12-16,21.033199310302734
2021-12-17,20.819400787353516
2021-12-20,20.829299926757812
2021-12-21,20.755399703979492
2021-12-22,20.822500228881836
2021-12-23,20.710399627685547
2021-12-24,20.62809944152832
2021-12-27,20.607200622558594
2021-12-28,20.6835994720459
2021-12-29,20.662200927734375
2021-12-30,20.558000564575195
2021-12-31,20.4591007232666
2022-01-03,20.481599807739258
2022-01-04,20.486000061035156
2022-01-05,20.52199935913086
2022-01-06,20.56369972229004
2022-01-07,20.493099212646484
2022-01-10,20.390470504760742
2022-01-11,20.358200073242188
2022-01-12,20.39051055908203
2022-01-13,20.362850189208984
2022-01-14,20.333669662475586
2022-01-17,20.301000595092773
2022-01-18,20.289499282836914
2022-01-19,20.398799896240234
2022-01-20,20.500499725341797
2022-01-21,20.530719757080078
2022-01-24,20.448150634765625
2022-01-25,20.573829650878906
2022-01-26,20.60700035095215
2022-01-27,20.71540069580078
2022-01-28,20.76740074157715
2022-01-31,20.82900047302246
2022-02-01,20.625900268554688
2022-02-02,20.545700073242188
2022-02-03,20.601200103759766
2022-02-04,20.564599990844727
2022-02-07,20.653600692749023
2022-02-08,20.580799102783203
2022-02-09,20.597620010375977
2022-02-10,20.48784065246582
2022-02-11,20.557199478149414
2022-02-14,20.510440826416016
2022-02-15,20.40899085998535
2022-02-16,20.383800506591797
2022-02-17,20.286399841308594
2022-02-18,20.29159927368164
2022-02-21,20.295249938964844
2022-02-22,20.322980880737305
2022-02-23,20.29439926147461
2022-02-24,20.231700897216797
2022-02-25,20.563369750976562
2022-02-28,20.573139190673828
2022-03-01,20.4606990814209
2022-03-02,20.64310073852539
2022-03-03,20.642549514770508
2022-03-04,20.63939094543457
2022-03-07,20.96925926208496
2022-03-08,21.305349349975586
2022-03-09,21.362390518188477
2022-03-10,20.905189514160156
2022-03-11,20.91200065612793
2022-03-14,20.887510299682617
2022-03-15,20.90036964416504
2022-03-16,20.812599182128906
2022-03-17,20.630699157714844
2022-03-18,20.514089584350586
2022-03-21,20.381149291992188
2022-03-22,20.381900787353516
2022-03-23,20.272199630737305
2022-03-24,20.226640701293945
2022-03-25,20.066299438476562
2022-03-28,20.030149459838867
2022-03-29,20.091249465942383
2022-03-30,19.965599060058594
2022-03-31,19.878150939941406
2022-04-01,19.875200271606445
2022-04-04,19.8572998046875
2022-04-05,19.8093204498291
2022-04-06,19.98259925842285
2022-04-07,20.161460876464844
2022-04-08,20.130319595336914
2022-04-11,20.064849853515625
2022-04-12,19.941940307617188
2022-04-13,19.80328941345215
2022-04-14,19.76129913330078
2022-04-15,19.962299346923828
2022-04-18,19.95359992980957
2022-04-19,19.79520034790039
2022-04-20,20.018110275268555
2022-04-21,19.97369956970215
2022-04-22,20.184650421142578
2022-04-25,20.23200035095215
2022-04-26,20.214599609375
2022-04-27,20.380319595336914
2022-04-28,20.372299194335938
2022-04-29,20.441299438476562
2022-05-02,20.41737937927246
2022-05-03,20.448200225830078
2022-05-04,20.280059814453125
2022-05-05,20.038259506225586
2022-05-06,20.21470069885254
2022-05-09,20.176300048828125
2022-05-10,20.3635196685791
2022-05-11,20.380359649658203
2022-05-12,20.319730758666992
2022-05-13,20.172700881958008
2022-05-16,20.09126091003418
2022-05-17,20.019100189208984
2022-05-18,19.93549919128418
2022-05-19,20.023000717163086
2022-05-20,19.923599243164062
2022-05-23,19.84942054748535
2022-05-24,19.917959213256836
2022-05-25,19.84269905090332
2022-05-26,19.818199157714844
2022-05-27,19.75189971923828
2022-05-30,19.56999969482422
2022-05-31,19.531299591064453
2022-06-01,19.648740768432617
2022-06-02,19.71306037902832
2022-06-03,19.52790069580078
2022-06-06,19.54521942138672
2022-06-07,19.555299758911133
2022-06-08,19.57670021057129
2022-06-09,19.587099075317383
2022-06-10,19.676300048828125
2022-06-13,20.019460678100586
2022-06-14,20.466800689697266
2022-06-15,20.560659408569336
2022-06-16,20.222150802612305
2022-06-17,20.397199630737305
2022-06-20,20.294309616088867
2022-06-21,20.26849937438965
2022-06-22,20.136999130249023
2022-06-23,20.04949951171875
2022-06-24,20.009899139404297
2022-06-27,19.892559051513672
2022-06-28,19.90290069580078
2022-06-29,20.1466007232666
2022-06-30,20.130359649658203
2022-07-01,20.102949142456055
2022-07-04,20.250200271606445
2022-07-05,20.268400192260742
2022-07-06,20.522899627685547
2022-07-07,20.64109992980957
2022-07-08,20.493999481201172
2022-07-11,20.46269989013672
2022-07-12,20.721200942993164
2022-07-13,20.8664608001709
2022-07-14,20.790800094604492
2022-07-15,20.805889129638672
2022-07-18,20.49959945678711
2022-07-19,20.44502067565918
2022-07-20,20.519800186157227
2022-07-21,20.54210090637207
2022-07-22,20.65410041809082
2022-07-25,20.53459930419922
2022-07-26,20.450700759887695
2022-07-27,20.453699111938477
2022-07-28,20.373300552368164
2022-07-29,20.281200408935547
2022-08-01,20.374500274658203
2022-08-02,20.383499145507812
2022-08-03,20.810909271240234
2022-08-04,20.492700576782227
2022-08-05,20.323699951171875
2022-08-08,20.42140007019043
2022-08-09,20.2406005859375
2022-08-10,20.239999771118164
2022-08-11,20.015100479125977
2022-08-12,19.93320083618164
2022-08-15,19.85363006591797
2022-08-16,19.808300018310547
2022-08-17,19.903539657592773
2022-08-18,19.970399856567383
2022-08-19,20.130159378051758
2022-08-22,20.189050674438477
2022-08-23,20.12689971923828
2022-08-24,19.983680725097656
2022-08-25,19.902599334716797
2022-08-26,19.919099807739258
2022-08-29,20.067800521850586
2022-08-30,19.984800338745117
2022-08-31,20.127300262451172
2022-09-01,20.186660766601562
2022-09-02,20.166900634765625
2022-09-05,19.970500946044922
2022-09-06,19.965599060058594
2022-09-07,20.131500244140625
2022-09-08,19.981800079345703
2022-09-09,19.933500289916992
2022-09-12,19.859100341796875
2022-09-13,19.830020904541016
2022-09-14,20.03190040588379
2022-09-15,19.95159912109375
2022-09-16,20.08099937438965
2022-09-19,20.03022003173828
2022-09-20,19.903099060058594
2022-09-21,19.976299285888672
2022-09-22,20.044099807739258
2022-09-23,19.919200897216797
2022-09-26,20.211259841918945
2022-09-27,20.37074089050293
2022-09-28,20.368629455566406
2022-09-29,20.18494987487793
2022-09-30,20.12455940246582
2022-10-03,20.117389678955078
2022-10-04,20.00670051574707
2022-10-05,19.965190887451172
2022-10-06,20.03380012512207
2022-10-07,20.100099563598633
2022-10-10,20.029800415039062
2022-10-11,19.94029998779297
2022-10-12,20.06555938720703
2022-10-13,19.97319984436035
2022-10-14,19.97570037841797
2022-10-17,20.015899658203125
2022-10-18,19.971799850463867
2022-10-19,20.01889991760254
2022-10-20,20.127410888671875
2022-10-21,20.042760848999023
2022-10-24,19.9325008392334
2022-10-25,19.908100128173828
2022-10-26,19.866600036621094
2022-10-27,19.943029403686523
2022-10-28,19.840309143066406
2022-10-31,19.820199966430664
2022-11-01,19.79319953918457
2022-11-02,19.724899291992188
2022-11-03,19.67840003967285
2022-11-04,19.670270919799805
2022-11-07,19.5633602142334
2022-11-08,19.443099975585938
2022-11-09,19.537620544433594
2022-11-10,19.56209945678711
2022-11-11,19.315509796142578
2022-11-14,19.514429092407227
2022-11-15,19.33919906616211
2022-11-16,19.34119987487793
2022-11-17,19.33333969116211
2022-11-18,19.399900436401367
2022-11-21,19.443199157714844
2022-11-22,19.531600952148438
2022-11-23,19.441909790039062
2022-11-24,19.334999084472656
2022-11-25,19.38129997253418
2022-11-28,19.34354019165039
2022-11-29,19.296300888061523
2022-11-30,19.23200035095215
2022-12-01,19.264850616455078
2022-12-02,19.128299713134766
2022-12-05,19.38298988342285
2022-12-06,19.721399307250977
2022-12-07,19.7544002532959
2022-12-08,19.666900634765625
2022-12-09,19.621559143066406
2022-12-12,19.786699295043945
2022-12-13,19.847299575805664
2022-12-14,19.542020797729492
2022-12-15,19.609399795532227
2022-12-16,19.74959945678711
2022-12-19,19.79690933227539
2022-12-20,19.787599563598633
2022-12-21,19.754199981689453
2022-12-22,19.659589767456055
2022-12-23,19.559499740600586
2022-12-26,19.337390899658203
2022-12-27,19.363069534301758
2022-12-28,19.462099075317383
2022-12-29,19.422300338745117
2022-12-30,19.457599639892578
2023-01-02,19.44659996032715
2023-01-03,19.458799362182617
2023-01-04,19.40760040283203
2023-01-05,19.38680076599121
2023-01-06,19.31855010986328
2023-01-09,19.124300003051758
2023-01-10,19.124500274658203
2023-01-11,19.059600830078125
2023-01-12,18.942399978637695
2023-01-13,18.844310760498047
2023-01-16,18.774200439453125
2023-01-17,18.77790069580078
2023-01-18,18.64150047302246
2023-01-19,18.874059677124023
2023-01-20,18.98270034790039
2023-01-23,18.857770919799805
2023-01-24,18.81325912475586
2023-01-25,18.783599853515625
2023-01-26,18.776199340820312
2023-01-27,18.79669952392578
2023-01-30,18.768749237060547
2023-01-31,18.75860023498535
2023-02-01,18.842870712280273
2023-02-02,18.58289909362793
2023-02-03,18.641399383544922
2023-02-06,18.990869522094727
2023-02-07,19.167999267578125
2023-02-08,18.881500244140625
2023-02-09,18.934450149536133
2023-02-10,18.77829933166504
2023-02-13,18.67840003967285
2023-02-14,18.565040588378906
2023-02-15,18.50480079650879
2023-02-16,18.584550857543945
2023-02-17,18.54871940612793
2023-02-20,18.36737060546875
2023-02-21,18.38520050048828
2023-02-22,18.429899215698242
2023-02-23,18.364580154418945
2023-02-24,18.36865997314453
2023-02-27,18.39133071899414
2023-02-28,18.366899490356445
2023-03-01,18.300939559936523
2023-03-02,18.115970611572266
2023-03-03,18.105300903320312
2023-03-06,17.97800064086914
2023-03-07,18.00135040283203
2023-03-08,18.100099563598633
2023-03-09,17.97075080871582
2023-03-10,18.329639434814453
2023-03-13,18.31702995300293
2023-03-14,18.91908073425293
2023-03-15,18.600500106811523
2023-03-16,18.991899490356445
2023-03-17,18.769390106201172
2023-03-20,18.843420028686523
2023-03-21,18.814599990844727
2023-03-22,18.62405014038086
2023-03-23,18.593360900878906
2023-03-24,18.567899703979492
2023-03-27,18.427059173583984
2023-03-28,18.318599700927734
2023-03-29,18.219200134277344
2023-03-30,18.094030380249023
2023-03-31,18.089550018310547
2023-04-03,18.03915023803711
2023-04-04,18.087570190429688
2023-04-05,18.112499237060547
2023-04-06,18.308799743652344
2023-04-07,18.227100372314453
2023-04-10,18.134700775146484
2023-04-11,18.14310073852539
2023-04-12,18.158899307250977
2023-04-13,18.055099487304688
2023-04-14,18.018999099731445
2023-04-17,17.99287986755371
2023-04-18,18.03219985961914
2023-04-19,18.043489456176758
2023-04-20,18.04050064086914
2023-04-21,17.997909545898438
2023-04-24,17.997140884399414
2023-04-25,17.965200424194336
2023-04-26,18.0403995513916
2023-04-27,18.158550262451172
2023-04-28,18.024499893188477
2023-05-01,17.99139976501465
2023-05-02,17.93769073486328
2023-05-03,17.97426986694336
2023-05-04,17.956100463867188
2023-05-05,17.89937973022461
2023-05-08,17.76626968383789
2023-05-09,17.787580490112305
2023-05-10,17.743499755859375
2023-05-11,17.537200927734375
2023-05-12,17.57469940185547
2023-05-15,17.596250534057617
2023-05-16,17.4330997467041
2023-05-17,17.480300903320312
2023-05-18,17.606769561767578
2023-05-19,17.715700149536133
2023-05-22,17.7460994720459
2023-05-23,17.879899978637695
2023-05-24,17.958200454711914
2023-05-25,17.799930572509766
2023-05-26,17.84630012512207
2023-05-29,17.60219955444336
2023-05-30,17.598819732666016
2023-05-31,17.65570068359375
2023-06-01,17.67650032043457
2023-06-02,17.538799285888672
2023-06-05,17.550399780273438
2023-06-06,17.445899963378906
2023-06-07,17.367700576782227
2023-06-08,17.355289459228516
2023-06-09,17.37220001220703
2023-06-12,17.27090072631836
2023-06-13,17.2841796875
2023-06-14,17.233789443969727
2023-06-15,17.127399444580078
2023-06-16,17.12636947631836
2023-06-19,17.0669002532959
2023-06-20,17.072999954223633
2023-06-21,17.20363998413086
2023-06-22,17.11750030517578
2023-06-23,17.170000076293945
2023-06-26,17.1471004486084
2023-06-27,17.117000579833984
2023-06-28,17.076499938964844
2023-06-29,17.08289909362793
2023-06-30,17.10610008239746
2023-07-03,17.12080955505371
2023-07-04,17.047000885009766
2023-07-05,17.035499572753906
2023-07-06,17.006080627441406
2023-07-07,17.231609344482422
2023-07-10,17.147850036621094
2023-07-11,17.0447998046875
2023-07-12,17.028900146484375
2023-07-13,16.89642906188965
2023-07-14,16.846630096435547
2023-07-17,16.73870086669922
2023-07-18,16.713699340820312
2023-07-19,16.75214958190918
2023-07-20,16.711870193481445
2023-07-21,16.86590003967285
2023-07-24,16.974300384521484
2023-07-25,16.826099395751953
2023-07-26,16.926700592041016
2023-07-27,16.86244010925293
2023-07-28,16.84709930419922
2023-07-31,16.68090057373047
2023-08-01,16.738100051879883
2023-08-02,16.8735294342041
2023-08-03,17.00079917907715
2023-08-04,17.318199157714844
2023-08-07,17.08099937438965
2023-08-08,17.064699172973633
2023-08-09,17.106399536132812
2023-08-10,17.059289932250977
2023-08-11,17.067699432373047
2023-08-14,16.993989944458008
2023-08-15,17.045299530029297
2023-08-16,17.12866973876953
2023-08-17,17.14409065246582
2023-08-18,17.09787940979004
2023-08-21,17.026100158691406
2023-08-22,17.012800216674805
2023-08-23,16.906450271606445
2023-08-24,16.77910041809082
2023-08-25,16.830610275268555
2023-08-28,16.718799591064453
2023-08-29,16.785999298095703
2023-08-30,16.786699295043945
2023-08-31,16.757129669189453
2023-09-01,16.998220443725586
2023-09-04,17.073270797729492
2023-09-05,17.17608070373535
2023-09-06,17.382600784301758
2023-09-07,17.578899383544922
2023-09-08,17.577299118041992
2023-09-11,17.543140411376953
2023-09-12,17.281030654907227
2023-09-13,17.21339988708496
2023-09-14,17.130599975585938
2023-09-15,17.106359481811523
2023-09-18,17.047399520874023
2023-09-19,17.11669921875
2023-09-20,17.06485939025879
2023-09-21,17.092159271240234
2023-09-22,17.21109962463379
2023-09-25,17.173599243164062
2023-09-26,17.3843994140625
2023-09-27,17.54500961303711
2023-09-28,17.68695068359375
2023-09-29,17.5389404296875
2023-10-02,17.39539909362793
2023-10-03,17.662500381469727
2023-10-04,18.0093994140625
2023-10-05,17.978099822998047
2023-10-06,18.278139114379883
2023-10-09,18.22800064086914
2023-10-10,18.207679748535156
2023-10-11,17.934030532836914
2023-10-12,17.837169647216797
2023-10-13,17.97064971923828
2023-10-16,18.049999237060547
2023-10-17,17.90700912475586
2023-10-18,18.001800537109375
2023-10-19,18.235200881958008
2023-10-20,18.308500289916992
2023-10-23,18.201099395751953
2023-10-24,18.132299423217773
2023-10-25,18.259069442749023
2023-10-26,18.32740020751953
2023-10-27,18.136199951171875
2023-10-30,18.10548973083496
2023-10-31,18.048099517822266
2023-11-01,18.04669952392578
2023-11-02,17.76235008239746
2023-11-03,17.527000427246094
2023-11-06,17.472129821777344
2023-11-07,17.53529930114746
2023-11-08,17.470199584960938
2023-11-09,17.52519989013672
2023-11-10,17.78936004638672
2023-11-13,17.656400680541992
2023-11-14,17.600099563598633
2023-11-15,17.332500457763672
2023-11-16,17.29616928100586
2023-11-17,17.225799560546875
2023-11-20,17.219680786132812
2023-11-21,17.110740661621094
2023-11-22,17.189599990844727
2023-11-23,17.1951904296875
2023-11-24,17.186500549316406
2023-11-27,17.113859176635742
2023-11-28,17.158599853515625
2023-11-29,17.121000289916992
2023-11-30,17.282800674438477
2023-12-01,17.376300811767578
2023-12-04,17.18876075744629
2023-12-05,17.454099655151367
2023-12-06,17.358299255371094
2023-12-07,17.287460327148438
2023-12-08,17.472049713134766
2023-12-11,17.34709930419922
2023-12-12,17.36989974975586
2023-12-13,17.303760528564453
2023-12-14,17.26226043701172
2023-12-15,17.190380096435547
2023-12-18,17.221200942993164
2023-12-19,17.162700653076172
2023-12-20,17.059799194335938
2023-12-21,17.133169174194336
2023-12-22,17.031269073486328
2023-12-25,16.978370666503906
2023-12-26,16.975200653076172
2023-12-27,16.973600387573242
2023-12-28,16.91360092163086
2023-12-29,16.951200485229492
2024-01-01,16.96343994140625
2024-01-02,16.962509155273438
2024-01-03,17.019399642944336
2024-01-04,17.012149810791016
2024-01-05,17.00860023498535
2024-01-08,16.880939483642578
2024-01-09,16.83370018005371
2024-01-10,16.966659545898438
2024-01-11,16.981660842895508
2024-01-12,16.901559829711914
2024-01-15,16.869070053100586
2024-01-16,16.88479995727539
2024-01-17,17.197900772094727
2024-01-18,17.19260025024414
2024-01-19,17.168359756469727
2024-01-22,17.093149185180664
2024-01-23,17.174699783325195
2024-01-24,17.306060791015625
2024-01-25,17.234159469604492
2024-01-26,17.18950080871582
2024-01-29,17.16861915588379
2024-01-30,17.219560623168945
2024-01-31,17.1527099609375
2024-02-01,17.217529296875
2024-02-02,17.0674991607666
2024-02-05,17.15069007873535
2024-02-06,17.109100341796875
2024-02-07,17.027999877929688
2024-02-08,17.045400619506836
2024-02-09,17.13170051574707
2024-02-12,17.075429916381836
2024-02-13,17.067760467529297
2024-02-14,17.202009201049805
2024-02-15,17.075199127197266
2024-02-16,17.040170669555664
2024-02-19,17.042930603027344
2024-02-20,17.03420066833496
2024-02-21,17.059799194335938
2024-02-22,17.033100128173828
2024-02-23,17.10733985900879
2024-02-26,17.113929748535156
2024-02-27,17.08169937133789
2024-02-28,17.066959381103516
2024-02-29,17.087299346923828
2024-03-01,17.050060272216797
2024-03-04,17.009370803833008
2024-03-05,16.95507049560547
2024-03-06,16.932100296020508
2024-03-07,16.867799758911133
2024-03-08,16.864700317382812
2024-03-11,16.803619384765625
2024-03-12,16.798969268798828
2024-03-13,16.784299850463867
2024-03-14,16.669330596923828
2024-03-15,16.701860427856445
2024-03-18,16.720399856567383
2024-03-19,16.830860137939453
2024-03-20,16.79990005493164
2024-03-21,16.667699813842773
2024-03-22,16.7268009185791
2024-03-25,16.75830078125
2024-03-26,16.670700073242188
2024-03-27,16.63159942626953
2024-03-28,16.55069923400879
2024-03-29,16.602840423583984
2024-04-01,16.555450439453125
2024-04-02,16.608800888061523
2024-04-03,16.54990005493164
2024-04-04,16.527000427246094
2024-04-05,16.573200225830078
2024-04-08,16.45199966430664
2024-04-09,16.314300537109375
2024-04-10,16.383310317993164
2024-04-11,16.452499389648438
2024-04-12,16.42609977722168
2024-04-15,16.611080169677734
2024-04-16,16.694400787353516
2024-04-17,17.033340454101562
2024-04-18,16.956300735473633
2024-04-19,17.074960708618164
2024-04-22,17.091999053955078
2024-04-23,17.136980056762695
2024-04-24,16.949199676513672
2024-04-25,17.070100784301758
2024-04-26,17.201810836791992
2024-04-29,17.16404914855957
2024-04-30,17.011560440063477
2024-05-01,17.149919509887695
2024-05-02,16.928600311279297
2024-05-03,16.961700439453125
2024-05-06,16.980260848999023
2024-05-07,16.88334083557129
2024-05-08,16.90406036376953
2024-05-09,16.9160099029541
2024-05-10,16.779499053955078
2024-05-13,16.767200469970703
2024-05-14,16.783199310302734
2024-05-15,16.844160079956055
2024-05-16,16.681060791015625
2024-05-17,16.678159713745117
2024-05-20,16.586299896240234
2024-05-21,16.552570343017578
2024-05-22,16.606599807739258
2024-05-23,16.661630630493164
2024-05-24,16.730369567871094
2024-05-27,16.673799514770508
2024-05-28,16.6623592376709
2024-05-29,16.781400680541992
2024-05-30,17.017580032348633
2024-05-31,17.00581932067871
2024-06-03,16.97260093688965
2024-06-04,17.700429916381836
2024-06-05,17.81191062927246
2024-06-06,17.50349998474121
2024-06-07,17.879959106445312
2024-06-10,18.325849533081055
2024-06-11,18.57221031188965
2024-06-12,18.58061981201172
2024-06-13,18.754140853881836
2024-06-14,18.415180206298828
2024-06-17,18.455799102783203
2024-06-18,18.52090072631836
2024-06-19,18.399099349975586
2024-06-20,18.427440643310547
2024-06-21,18.34238052368164
2024-06-24,18.129789352416992
2024-06-25,17.944719314575195
2024-06-26,18.111299514770508
2024-06-27,18.301000595092773
2024-06-28,18.42976951599121
2024-07-01,18.265300750732422
2024-07-02,18.36639976501465
2024-07-03,18.252199172973633
2024-07-04,18.174360275268555
2024-07-05,18.080400466918945
2024-07-08,18.088279724121094
2024-07-09,17.973600387573242
2024-07-10,17.895339965820312
2024-07-11,17.836530685424805
2024-07-12,17.753259658813477
2024-07-15,17.69873046875
2024-07-16,17.71579933166504
2024-07-17,17.650419235229492
2024-07-18,17.720199584960938
2024-07-19,17.958499908447266
2024-07-22,17.970619201660156
2024-07-23,17.930599212646484
2024-07-24,18.163150787353516
2024-07-25,18.360319137573242
2024-07-26,18.439899444580078
2024-07-29,18.42729949951172
2024-07-30,18.640899658203125
2024-07-31,18.75279998779297
2024-08-01,18.640039443969727
2024-08-02,18.923799514770508
2024-08-05,19.528430938720703
2024-08-06,19.19502067565918
2024-08-07,19.58378028869629
2024-08-08,19.33470916748047
2024-08-09,18.86026954650879
2024-08-12,18.822189331054688
2024-08-13,19.059799194335938
2024-08-14,18.998079299926758
2024-08-15,18.81170082092285
2024-08-16,18.636199951171875
2024-08-19,18.6258602142334
2024-08-20,18.665109634399414
2024-08-21,19.009849548339844
2024-08-22,19.277130126953125
2024-08-23,19.49020004272461
2024-08-26,19.212249755859375
2024-08-27,19.374500274658203
2024-08-28,19.77079963684082
2024-08-29,19.664400100708008
2024-08-30,19.834199905395508
2024-09-02,19.699800491333008
2024-09-03,19.83639907836914
2024-09-04,19.795400619506836
2024-09-05,19.948749542236328
2024-09-06,19.881380081176758
2024-09-09,19.940200805664062
2024-09-10,19.89137077331543
2024-09-11,20.08941078186035
2024-09-12,19.795900344848633
2024-09-13,19.52079963684082
2024-09-16,19.15220069885254
2024-09-17,19.20560073852539
2024-09-18,19.115530014038086
2024-09-19,19.243270874023438
2024-09-20,19.299999237060547
2024-09-23,19.37656021118164
2024-09-24,19.4153995513916
2024-09-25,19.30820083618164
2024-09-26,19.636600494384766
2024-09-27,19.61591911315918
2024-09-30,19.63050079345703
2024-10-01,19.66360092163086
2024-10-02,19.626440048217773
2024-10-03,19.408199310302734
2024-10-04,19.335500717163086
2024-10-07,19.27667999267578
2024-10-08,19.289670944213867
2024-10-09,19.345399856567383
2024-10-10,19.467449188232422
2024-10-11,19.438400268554688
2024-10-14,19.29953956604004
2024-10-15,19.425949096679688
2024-10-16,19.695100784301758
2024-10-17,19.898700714111328
2024-10-18,19.816810607910156
2024-10-21,19.868560791015625
2024-10-22,19.960800170898438
2024-10-23,19.936199188232422
2024-10-24,19.832460403442383
2024-10-25,19.814199447631836
2024-10-28,19.946569442749023
2024-10-29,20.02873992919922
2024-10-30,20.05377960205078
2024-10-31,20.1639404296875
2024-11-01,20.050689697265625
2024-11-04,20.081819534301758
2024-11-05,20.093900680541992
2024-11-06,20.13159942626953
2024-11-07,20.167009353637695
2024-11-08,19.793569564819336
2024-11-11,20.13759994506836
2024-11-12,20.339500427246094
2024-11-13,20.582700729370117
2024-11-14,20.518400192260742
2024-11-15,20.438600540161133
2024-11-18,20.356170654296875
2024-11-19,20.213289260864258
2024-11-20,20.10972023010254
2024-11-21,20.274620056152344
2024-11-22,20.414119720458984
2024-11-25,20.350839614868164
2024-11-26,20.580469131469727
2024-11-27,20.65250015258789
2024-11-28,20.598169326782227
2024-11-29,20.436199188232422
2024-12-02,20.378610610961914
2024-12-03,20.40690040588379
2024-12-04,20.30389976501465
2024-12-05,20.308639526367188
2024-12-06,20.19179916381836
2024-12-09,20.170900344848633
2024-12-10,20.245899200439453
2024-12-11,20.1607608795166
2024-12-12,20.114200592041016
2024-12-13,20.191099166870117
2024-12-16,20.105419158935547
2024-12-17,20.133819580078125
2024-12-18,20.173749923706055
2024-12-19,20.37470054626465
2024-12-20,20.333999633789062
2024-12-23,20.063430786132812
2024-12-24,20.169300079345703
2024-12-25,20.153799057006836
2024-12-26,20.156639099121094
2024-12-27,20.20479965209961
2024-12-30,20.313169479370117
2024-12-31,20.632200241088867
2025-01-02,20.83024024963379
2025-01-03,20.592899322509766
2025-01-06,20.620149612426758
2025-01-07,20.32080078125
2025-01-08,20.32733917236328
2025-01-09,20.410959243774414
2025-01-10,20.506359100341797
2025-01-13,20.70178985595703
2025-01-14,20.61046028137207
2025-01-15,20.503999710083008
2025-01-16,20.455310821533203
2025-01-17,20.83272933959961
2025-01-20,20.791290283203125
2025-01-21,20.49724006652832
2025-01-22,20.66119956970215
2025-01-23,20.48710060119629
2025-01-24,20.37883949279785
2025-01-27,20.436969757080078
2025-01-28,20.7283992767334
2025-01-29,20.540000915527344
2025-01-30,20.501800537109375
2025-01-31,20.674470901489258
2025-02-03,21.16939926147461
2025-02-04,20.385129928588867
2025-02-05,20.512420654296875
2025-02-06,20.573720932006836
2025-02-07,20.44339942932129
2025-02-10,20.600309371948242
2025-02-11,20.624610900878906
2025-02-12,20.546720504760742
2025-02-13,20.543489456176758
2025-02-14,20.415189743041992
2025-02-17,20.312389373779297
2025-02-18,20.272600173950195
2025-02-19,20.23780059814453
2025-02-20,20.45240020751953
2025-02-21,20.29400062561035
2025-02-24,20.382829666137695
2025-02-25,20.48111915588379
2025-02-26,20.457509994506836
2025-02-27,20.394800186157227
2025-02-28,20.457599639892578
2025-03-03,20.514450073242188
2025-03-04,20.72570037841797
2025-03-05,20.530500411987305
2025-03-06,20.402780532836914
2025-03-07,20.27794075012207
2025-03-10,20.26021957397461
2025-03-11,20.35137939453125
2025-03-12,20.270299911499023
2025-03-13,20.17443084716797
2025-03-14,20.082849502563477
2025-03-17,19.92527961730957
2025-03-18,19.95507049560547
2025-03-19,19.904159545898438
2025-03-20,20.0231990814209
2025-03-21,20.127500534057617
2025-03-24,20.21017074584961
2025-03-25,20.037870407104492
2025-03-26,20.031999588012695
2025-03-27,20.257049560546875
2025-03-28,20.281999588012695
2025-03-31,20.380090713500977
2025-04-01,20.474029541015625
2025-04-02,20.328340530395508
2025-04-03,20.25830078125
2025-04-04,19.93221092224121
2025-04-07,20.621700286865234
2025-04-08,20.696550369262695
2025-04-09,20.836240768432617
2025-04-10,20.33354949951172
2025-04-11,20.594459533691406
2025-04-14,20.276779174804688
2025-04-15,20.07990074157715
2025-04-16,20.125429153442383
2025-04-17,19.915300369262695
2025-04-22,19.70330047607422
2025-04-23,19.615190505981445
2025-04-24,19.624399185180664
2025-04-25,19.600000381469727
2025-04-28,19.535160064697266
2025-04-29,19.57309913635254
2025-04-30,19.540199279785156
2025-05-01,19.589000701904297
2025-05-02,19.600889205932617
2025-05-05,19.610090255737305
2025-05-06,19.673200607299805
2025-05-07,19.644620895385742
2025-05-08,19.60308074951172
2025-05-09,19.518699645996094
2025-05-12,19.441640853881836
2025-05-13,19.60740089416504
2025-05-14,19.39310073852539
2025-05-15,19.383060455322266
2025-05-16,19.471399307250977
2025-05-19,19.451169967651367
2025-05-20,19.284900665283203
2025-05-21,19.269319534301758
2025-05-22,19.36680030822754
2025-05-23,19.32110023498535
2025-05-26,19.20479965209961
2025-05-27,19.245559692382812
2025-05-28,19.252700805664062
2025-05-29,19.385150909423828
2025-05-30,19.300100326538086
2025-06-02,19.422500610351562
2025-06-03,19.19219970703125
2025-06-04,19.224300384521484
2025-06-05,19.199350357055664
2025-06-06,19.151159286499023
2025-06-09,19.09762954711914
2025-06-10,19.037799835205078
2025-06-11,19.058759689331055
2025-06-12,18.897050857543945
2025-06-13,18.883209228515625
2025-06-16,18.947799682617188
2025-06-17,18.923349380493164
2025-06-18,19.019420623779297
2025-06-19,19.00749969482422
2025-06-20,19.02050018310547
2025-06-23,19.210100173950195
2025-06-24,19.071199417114258
2025-06-25,18.99176025390625
2025-06-26,18.89859962463379
2025-06-27,18.87881088256836
2025-06-30,18.7992000579834
2025-07-01,18.738000869750977
2025-07-02,18.737899780273438
2025-07-03,18.763700485229492
2025-07-04,18.645910263061523
2025-07-07,18.60633087158203
2025-07-08,18.643329620361328
2025-07-09,18.612340927124023
2025-07-10,18.623769760131836
2025-07-11,18.601259231567383
2025-07-14,18.65760040283203
2025-07-15,18.748369216918945
2025-07-16,18.80171012878418
2025-07-17,18.718759536743164
2025-07-18,18.752620697021484
2025-07-21,18.705299377441406
2025-07-22,18.656099319458008
2025-07-23,18.643930435180664
2025-07-24,18.53668975830078
2025-07-25,18.538549423217773
2025-07-28,18.50309944152832
2025-07-29,18.746999740600586
2025-07-30,18.747159957885742
2025-07-31,18.842899322509766
2025-08-01,18.86471939086914
2025-08-04,18.868009567260742
2025-08-05,18.871400833129883
2025-08-06,18.733230590820312
2025-08-07,18.60154914855957
2025-08-08,18.60795021057129
2025-08-11,18.582210540771484
2025-08-12,18.656200408935547
2025-08-13,18.572799682617188
2025-08-14,18.619300842285156
2025-08-15,18.801259994506836
2025-08-18,18.72348976135254
2025-08-19,18.765499114990234
2025-08-20,18.818700790405273
2025-08-21,18.768699645996094
2025-08-22,18.736299514770508
2025-08-25,18.59326934814453
2025-08-26,18.683229446411133
2025-08-27,18.6585693359375
2025-08-28,18.651199340820312
2025-08-29,18.650239944458008
2025-09-01,18.65846061706543
2025-09-02,18.648099899291992
2025-09-03,18.728700637817383
2025-09-04,18.706600189208984
2025-09-05,18.725799560546875
2025-09-08,18.726360321044922
2025-09-09,18.652870178222656
2025-09-10,18.62350082397461
2025-09-11,18.580799102783203
2025-09-12,18.45400047302246
2025-09-15,18.446989059448242
2025-09-16,18.361520767211914
2025-09-17,18.28580093383789
2025-09-18,18.30780029296875
2025-09-19,18.364200592041016
2025-09-22,18.42020034790039
2025-09-23,18.357690811157227
2025-09-24,18.346500396728516
2025-09-25,18.418739318847656
2025-09-26,18.484119415283203
2025-09-29,18.358549118041992
2025-09-30,18.358999252319336
2025-10-01,18.31382942199707
2025-10-02,18.382360458374023
2025-10-03,18.41200065612793
2025-10-06,18.433330535888672
2025-10-07,18.337589263916016
2025-10-08,18.388530731201172
2025-10-09,18.334150314331055
2025-10-10,18.38343048095703
2025-10-13,18.522390365600586
2025-10-14,18.45829963684082
2025-10-15,18.504369735717773
2025-10-16,18.45509910583496
2025-10-17,18.430299758911133
2025-10-20,18.364700317382812
2025-10-21,18.399370193481445
2025-10-22,18.434099197387695
2025-10-23,18.43950080871582
2025-10-24,18.393600463867188
2025-10-27,18.418739318847656
2025-10-28,18.38932991027832
2025-10-29,18.425260543823242
2025-10-30,18.465700149536133
2025-10-31,18.525400161743164
2025-11-03,18.554079055786133
2025-11-04,18.491670608520508
2025-11-05,18.675500869750977
2025-11-06,18.590700149536133
2025-11-07,18.556299209594727
2025-11-10,18.443740844726562
2025-11-11,18.378599166870117
2025-11-12,18.316650390625
2025-11-13,18.287799835205078
2025-11-14,18.315000534057617
2025-11-17,18.30643081665039
2025-11-18,18.43269920349121
2025-11-19,18.34040069580078
2025-11-20,18.31679916381836
2025-11-21,18.36590003967285
2025-11-24,18.473880767822266
